"uid";"name";"mail"
"1";"additi_nte_mite";"geoge.schmtt@lala.com"
"2";"wurfi_gd_bersome";"alfnso.hoffan@lala.com"
"3";"mostaf_g_wing";"quinon.sevenson@lala.com"
"4";"chell_bor_ed";"gage.pone@lala.com"
"5";"mouth_dbai_y";"kagan.fredman@lala.com"
"6";"tramp_li_ehoury";"unnar.axwell@lala.com"
"7";"sear_dwool_ich";"jenn.meji@lala.com"
"8";"norb_rtre_orm";"pela.garnr@lala.com"
"9";"chad_andf_awed";"ampbell.oover@lala.com"
"10";"enedw_ith_enville";"ael.jennngs@lala.com"
"11";"care_rbri_f";"cob.gimes@lala.com"
"12";"litera_ybu_pkin";"desiny.beasey@lala.com"
"13";"weamy_xcit_ment";"danella.richrds@lala.com"
"14";"earsu_vive_";"ryle.noran@lala.com"
"15";"hick_eteo_ojinx";"gavn.tkins@lala.com"
"16";"himse_fted_ime";"olly.illarreal@lala.com"
"17";"underg_ant_ology";"noa.gibs@lala.com"
"18";"pearlb_t_on";"alerie.vaquez@lala.com"
"19";"brie_stap_";"arilla.ane@lala.com"
"20";"surm_seco_e";"alter.bra@lala.com"
"21";"slime_urde_";"nya.glss@lala.com"
"22";"laug_check_";"lra.tat@lala.com"
"23";"eaterm_n_led";"wyne.croby@lala.com"
"24";"bearu_de_stand";"marsall.tomas@lala.com"
"25";"harpye_s_ern";"rodlfo.odd@lala.com"
"26";"brough_n_pcheese";"arya.ncholson@lala.com"
"27";"welsh_es_";"charee.nortn@lala.com"
"28";"stro_glim_ic";"sydee.kne@lala.com"
"29";"wrest_ersa_oring";"kia.soo@lala.com"
"30";"sowerb_r_ytick";"morah.daidson@lala.com"
"31";"hassa_oi_";"kaiy.buch@lala.com"
"32";"surge_np_bster";"haile.mrillo@lala.com"
"33";"whimp_ew_terski";"teve.hwe@lala.com"
"34";"tickto_k_quate";"inn.wber@lala.com"
"35";"effi_ienc_buckwheat";"naalee.morles@lala.com"
"36";"blut_ingf_resail";"briger.cllahan@lala.com"
"37";"exxo_catni_";"mari.sauners@lala.com"
"38";"macaw_ube_";"hyann.wes@lala.com"
"39";"golfer_rim_ry";"matha.inton@lala.com"
"40";"quoti_nt_unch";"lanyn.terr@lala.com"
"41";"revea_fr_nchy";"aanda.htfield@lala.com"
"42";"punis_men_bangbang";"fancisco.hueta@lala.com"
"43";"improv_flu_gers";"alec.soto@lala.com"
"44";"curec_ity_ootransport";"jaet.care@lala.com"
"45";"ease_ot_";"rodrick.moye@lala.com"
"46";"dumba_sfe_ret";"izayh.meltn@lala.com"
"47";"cahoo_st_ip";"marus.ewig@lala.com"
"48";"illfat_dai_";"adrina.vilegas@lala.com"
"49";"famil_ar_agwitch";"damrion.hortn@lala.com"
"50";"festo_nl_nspresado";"renda.or@lala.com"
"51";"wink_karka_off";"tystan.chapan@lala.com"
"52";"feel_ngpop_";"lgan.kid@lala.com"
"53";"agiles_on_mason";"isael.poers@lala.com"
"54";"pettyb_bl_";"precous.mcann@lala.com"
"55";"dobby_ir_e";"atena.barett@lala.com"
"56";"chiss_ngr_searcher";"erain.wang@lala.com"
"57";"skants_or_upt";"valeie.rch@lala.com"
"58";"snapf_on_al";"alexndria.huner@lala.com"
"59";"waywa_ds_ene";"rena.has@lala.com"
"60";"snicto_w_irr";"on.err@lala.com"
"61";"cornea_ei_ht";"kmeron.oyd@lala.com"
"62";"gann_the_am";"wlliam.ross@lala.com"
"63";"conf_und_dgrod";"mar.haw@lala.com"
"64";"wors_edun_ol";"joelyn.hobs@lala.com"
"65";"spust_ard_";"omr.specer@lala.com"
"66";"billi_kinb_lted";"misel.padlla@lala.com"
"67";"cycl_fifth_";"arolyn.veazquez@lala.com"
"68";"prac_ica_damaging";"gabrelle.mcnil@lala.com"
"69";"fencer_or_ie";"byce.bady@lala.com"
"70";"rowin_sno_ble";"ayvon.iddleton@lala.com"
"71";"helmc_ll_";"kaia.weeler@lala.com"
"72";"scor_hedm_d";"ryle.hoden@lala.com"
"73";"resi_tan_eprime";"emeron.roma@lala.com"
"74";"scutt_esbo_fin";"ev.blac@lala.com"
"75";"inse_tbrag_art";"shyan.imenez@lala.com"
"76";"came_ircu_ar";"byro.erritt@lala.com"
"77";"wors_explo_e";"issc.osbone@lala.com"
"78";"trysai_dr_ss";"kllen.hiks@lala.com"
"79";"fetchg_o_ty";"seven.ndrews@lala.com"
"80";"bitte_nexp_riment";"skler.broks@lala.com"
"81";"abrup_ago_izing";"dam.soomon@lala.com"
"82";"gentl_rosy_";"payon.buer@lala.com"
"83";"neck_iesn_ctor";"jayee.sephenson@lala.com"
"84";"zwodd_rycl_bs";"iffany.joyc@lala.com"
"85";"prick_yba_hroom";"jaspr.moraes@lala.com"
"86";"icesk_tes_eaky";"haley.arold@lala.com"
"87";"pand_qua_ified";"maria.krueer@lala.com"
"88";"vein_evela_ion";"arlie.powrs@lala.com"
"89";"umpire_pti_istic";"lanen.galvn@lala.com"
"90";"invest_e_tsleauty";"jamai.hawins@lala.com"
"91";"dalcop_ro_n";"rittany.coke@lala.com"
"92";"mimsy_to_ly";"odney.keler@lala.com"
"93";"peps_opt_mal";"raon.illiamson@lala.com"
"94";"capo_maple_";"halie.shafer@lala.com"
"95";"flird_sp_rse";"aola.bater@lala.com"
"96";"swed_shnec_";"kai.lcero@lala.com"
"97";"tech_ical_hopkins";"waye.duglas@lala.com"
"98";"boff_lau_ilized";"dwin.pau@lala.com"
"99";"genoa_ubt_e";"rut.livigston@lala.com"
"100";"batter_yem_ni";"asa.ardy@lala.com"
